{
  "feature_names": [
    "ks_dwell_mean",
    "ks_dwell_std",
    "ks_flight_mean",
    "ks_flight_std",
    "ks_wpm",
    "ks_error_rate",
    "ms_speed_mean",
    "ms_speed_std",
    "ms_click_rate",
    "ms_idle_ratio",
    "ap_unique_count",
    "ap_unknown_flag"
  ],
  "mean": {
    "ks_dwell_mean": 0.09014108946608955,
    "ks_dwell_std": 0.017866211210022027,
    "ks_flight_mean": 0.15861047619047622,
    "ks_flight_std": 0.1765036983391524,
    "ks_wpm": 53.851349206349205,
    "ks_error_rate": 0.0,
    "ms_speed_mean": 567.764325396825,
    "ms_speed_std": 794.6680158730155,
    "ms_click_rate": 54.00730158730166,
    "ms_idle_ratio": 0.15804761904761896,
    "ap_unique_count": 4.924603174603175,
    "ap_unknown_flag": 0.04365079365079365
  },
  "std": {
    "ks_dwell_mean": 0.006201499918562421,
    "ks_dwell_std": 0.004234717607848269,
    "ks_flight_mean": 0.06043006728044638,
    "ks_flight_std": 0.08008737454046612,
    "ks_wpm": 11.117037321812084,
    "ks_error_rate": 0.0,
    "ms_speed_mean": 162.41280854203947,
    "ms_speed_std": 212.555421755108,
    "ms_click_rate": 41.35149860843029,
    "ms_idle_ratio": 0.1961487068342378,
    "ap_unique_count": 1.4551052167235032,
    "ap_unknown_flag": 0.20431691526755605
  },
  "sample_count": 252
}